league_id,region,region_flag,region_url,league,league_crest,league_url,date_updated,last_updated,other_names,abbreviations,search_terms
EUROPE_EUROPA_LEAGUE,EUROPE,https://wvasmffspxkdbyxrrhzc.supabase.co/storage/v1/object/public/logos/flags/europe.svg,,Europa League,Unknown,https://www.flashscore.com/football/europe/europa-league/,26.02.2026,2026-02-26T17:57:52.542462+00:00,[],[],[]
EUROPE_CONFERENCE_LEAGUE,EUROPE,https://wvasmffspxkdbyxrrhzc.supabase.co/storage/v1/object/public/logos/flags/europe.svg,,Conference League,Unknown,https://www.flashscore.com/football/europe/conference-league/,26.02.2026,2026-02-26T17:57:52.542462+00:00,[],[],[]
SOUTH_AMERICA_COPA_LIBERTADORES,SOUTH AMERICA,Unknown,,Copa Libertadores,Unknown,https://www.flashscore.com/football/south-america/copa-libertadores/,26.02.2026,2026-02-26T21:07:36.768429+00:00,[],[],[]
ALGERIA_LIGUE_1,ALGERIA,https://wvasmffspxkdbyxrrhzc.supabase.co/storage/v1/object/public/logos/flags/algeria.svg,,Ligue 1,Unknown,https://www.flashscore.com/football/algeria/ligue-1/,27.02.2026,2026-02-27T05:44:36.842838+00:00,[],[],[]
ARGENTINA_LIGA_PROFESIONAL,ARGENTINA,https://wvasmffspxkdbyxrrhzc.supabase.co/storage/v1/object/public/logos/flags/argentina.svg,,Liga Profesional,Unknown,https://www.flashscore.com/football/argentina/liga-profesional/,26.02.2026,2026-02-26T21:05:56.965429+00:00,[],[],[]
BRAZIL_SERIE_A_BETANO,BRAZIL,https://wvasmffspxkdbyxrrhzc.supabase.co/storage/v1/object/public/logos/flags/brazil.svg,,Serie A Betano,Unknown,https://www.flashscore.com/football/brazil/serie-a-betano/,26.02.2026,2026-02-26T21:05:56.965429+00:00,[],[],[]
BRAZIL_CARIOCA,BRAZIL,https://wvasmffspxkdbyxrrhzc.supabase.co/storage/v1/object/public/logos/flags/brazil.svg,,Carioca,Unknown,https://www.flashscore.com/football/brazil/carioca/,26.02.2026,2026-02-26T17:57:52.542462+00:00,[],[],[]
BRAZIL_CATARINENSE,BRAZIL,https://wvasmffspxkdbyxrrhzc.supabase.co/storage/v1/object/public/logos/flags/brazil.svg,,Catarinense,Unknown,https://www.flashscore.com/football/brazil/catarinense/,26.02.2026,2026-02-26T21:05:56.965429+00:00,[],[],[]
BRAZIL_CEARENSE,BRAZIL,https://wvasmffspxkdbyxrrhzc.supabase.co/storage/v1/object/public/logos/flags/brazil.svg,,Cearense,Unknown,https://www.flashscore.com/football/brazil/cearense/,26.02.2026,2026-02-26T21:05:56.965429+00:00,[],[],[]
BRAZIL_PAULISTA_A3,BRAZIL,https://wvasmffspxkdbyxrrhzc.supabase.co/storage/v1/object/public/logos/flags/brazil.svg,,Paulista A3,Unknown,https://www.flashscore.com/football/brazil/paulista-a3/,26.02.2026,2026-02-26T21:05:56.965429+00:00,[],[],[]
BRAZIL_COPA_DO_BRASIL_U17,BRAZIL,https://wvasmffspxkdbyxrrhzc.supabase.co/storage/v1/object/public/logos/flags/brazil.svg,,Copa do Brasil U17,Unknown,https://www.flashscore.com/football/brazil/copa-do-brasil-u17/,26.02.2026,2026-02-26T21:05:56.965429+00:00,[],[],[]
BRAZIL_BRASILEIRO_U20,BRAZIL,https://wvasmffspxkdbyxrrhzc.supabase.co/storage/v1/object/public/logos/flags/brazil.svg,,Brasileiro U20,Unknown,https://www.flashscore.com/football/brazil/brasileiro-u20/,27.02.2026,2026-02-27T05:44:36.842838+00:00,[],[],[]
CAMEROON_ELITE_ONE,CAMEROON,https://wvasmffspxkdbyxrrhzc.supabase.co/storage/v1/object/public/logos/flags/cameroon.svg,,Elite One,Unknown,https://www.flashscore.com/football/cameroon/elite-one/,26.02.2026,2026-02-26T13:42:22.964271+00:00,[],[],[]
CAMEROON_SUPER_CUP,CAMEROON,https://wvasmffspxkdbyxrrhzc.supabase.co/storage/v1/object/public/logos/flags/cameroon.svg,,Super Cup,Unknown,https://www.flashscore.com/football/cameroon/super-cup/,26.02.2026,2026-02-26T14:32:45.503957+00:00,[],[],[]
CHAD_PREMIERE_DIVISION,CHAD,https://wvasmffspxkdbyxrrhzc.supabase.co/storage/v1/object/public/logos/flags/chad.svg,,Premiere Division,Unknown,https://www.flashscore.com/football/chad/premiere-division/,27.02.2026,2026-02-27T05:44:36.842838+00:00,[],[],[]
COLOMBIA_PRIMERA_B,COLOMBIA,https://wvasmffspxkdbyxrrhzc.supabase.co/storage/v1/object/public/logos/flags/colombia.svg,,Primera B,Unknown,https://www.flashscore.com/football/colombia/primera-b/,27.02.2026,2026-02-27T05:44:36.842838+00:00,[],[],[]
COSTA_RICA_LIGA_DE_ASCENSO,COSTA RICA,https://wvasmffspxkdbyxrrhzc.supabase.co/storage/v1/object/public/logos/flags/costa_rica.svg,,Liga de Ascenso,Unknown,https://www.flashscore.com/football/costa-rica/liga-de-ascenso/,26.02.2026,2026-02-26T21:05:56.965429+00:00,[],[],[]
DR_CONGO_LIGUE_1,DR CONGO,https://wvasmffspxkdbyxrrhzc.supabase.co/storage/v1/object/public/logos/flags/dr_congo.svg,,Ligue 1,Unknown,https://www.flashscore.com/football/dr-congo/ligue-1/,27.02.2026,2026-02-27T05:44:36.842838+00:00,[],[],[]
EGYPT_DIVISION_2_A,EGYPT,https://wvasmffspxkdbyxrrhzc.supabase.co/storage/v1/object/public/logos/flags/egypt.svg,,Division 2 A,Unknown,https://www.flashscore.com/football/egypt/division-2-a/,27.02.2026,2026-02-27T05:44:36.842838+00:00,[],[],[]
EL_SALVADOR_COPA_PRESIDENTE,EL SALVADOR,https://wvasmffspxkdbyxrrhzc.supabase.co/storage/v1/object/public/logos/flags/el_salvador.svg,,Copa Presidente,Unknown,https://www.flashscore.com/football/el-salvador/copa-presidente/,26.02.2026,2026-02-26T21:07:36.768429+00:00,[],[],[]
ETHIOPIA_PREMIER_LEAGUE,ETHIOPIA,https://wvasmffspxkdbyxrrhzc.supabase.co/storage/v1/object/public/logos/flags/ethiopia.svg,,Premier League,Unknown,https://www.flashscore.com/football/ethiopia/premier-league/,27.02.2026,2026-02-27T05:44:36.842838+00:00,[],[],[]
GUATEMALA_LIGA_NACIONAL,GUATEMALA,https://wvasmffspxkdbyxrrhzc.supabase.co/storage/v1/object/public/logos/flags/guatemala.svg,,Liga Nacional,Unknown,https://www.flashscore.com/football/guatemala/liga-nacional/,26.02.2026,2026-02-26T17:57:52.542462+00:00,[],[],[]
GUINEA_LIGUE_1,GUINEA,https://wvasmffspxkdbyxrrhzc.supabase.co/storage/v1/object/public/logos/flags/guinea.svg,,Ligue 1,Unknown,https://www.flashscore.com/football/guinea/ligue-1/,27.02.2026,2026-02-27T05:44:36.842838+00:00,[],[],[]
ICELAND_LEAGUE_CUP,ICELAND,https://wvasmffspxkdbyxrrhzc.supabase.co/storage/v1/object/public/logos/flags/iceland.svg,,League Cup,Unknown,https://www.flashscore.com/football/iceland/league-cup/,27.02.2026,2026-02-27T05:44:36.842838+00:00,[],[],[]
INDIA___ISL,INDIA,https://wvasmffspxkdbyxrrhzc.supabase.co/storage/v1/object/public/logos/flags/india.svg,,ISL,Unknown,https://www.flashscore.com/isl/,27.02.2026,2026-02-27T05:44:36.842838+00:00,[],[],[]
IRAN_PERSIAN_GULF_PRO_LEAGUE,IRAN,https://wvasmffspxkdbyxrrhzc.supabase.co/storage/v1/object/public/logos/flags/iran.svg,,Persian Gulf Pro League,Unknown,https://www.flashscore.com/football/iran/persian-gulf-pro-league/,27.02.2026,2026-02-27T05:44:36.842838+00:00,[],[],[]
IRAQ_STARS_LEAGUE,IRAQ,https://wvasmffspxkdbyxrrhzc.supabase.co/storage/v1/object/public/logos/flags/iraq.svg,,Stars League,Unknown,https://www.flashscore.com/football/iraq/stars-league/,26.02.2026,2026-02-26T17:57:52.542462+00:00,[],[],[]
ISRAEL_LIGA_ALEF_NORTH,ISRAEL,https://wvasmffspxkdbyxrrhzc.supabase.co/storage/v1/object/public/logos/flags/israel.svg,,Liga Alef North,Unknown,https://www.flashscore.com/football/israel/liga-alef-north/,27.02.2026,2026-02-27T05:44:36.842838+00:00,[],[],[]
ISRAEL_LIGA_ALEF_SOUTH,ISRAEL,https://wvasmffspxkdbyxrrhzc.supabase.co/storage/v1/object/public/logos/flags/israel.svg,,Liga Alef South,Unknown,https://www.flashscore.com/football/israel/liga-alef-south/,27.02.2026,2026-02-27T05:44:36.842838+00:00,[],[],[]
JORDAN_PREMIER_LEAGUE,JORDAN,https://wvasmffspxkdbyxrrhzc.supabase.co/storage/v1/object/public/logos/flags/jordan.svg,,Premier League,Unknown,https://www.flashscore.com/football/jordan/premier-league/,26.02.2026,2026-02-26T17:57:52.542462+00:00,[],[],[]
LIBYA_PREMIER_LEAGUE,LIBYA,https://wvasmffspxkdbyxrrhzc.supabase.co/storage/v1/object/public/logos/flags/libya.svg,,Premier League,Unknown,https://www.flashscore.com/football/libya/premier-league/,27.02.2026,2026-02-27T05:44:36.842838+00:00,[],[],[]
MAURITIUS_SUPER_LEAGUE,MAURITIUS,https://wvasmffspxkdbyxrrhzc.supabase.co/storage/v1/object/public/logos/flags/mauritius.svg,,Super League,Unknown,https://www.flashscore.com/football/mauritius/super-league/,26.02.2026,2026-02-26T14:32:45.503957+00:00,[],[],[]
NICARAGUA_LIGA_PRIMERA,NICARAGUA,https://wvasmffspxkdbyxrrhzc.supabase.co/storage/v1/object/public/logos/flags/nicaragua.svg,,Liga Primera,Unknown,https://www.flashscore.com/football/nicaragua/liga-primera/,26.02.2026,2026-02-26T21:07:36.768429+00:00,[],[],[]
NORTH_CENTRAL_AMERICA_CONCACAF_CHAMPIONSHIP_U20,NORTH & CENTRAL AMERICA,Unknown,,CONCACAF Championship U20,Unknown,https://www.flashscore.com/football/north-central-america/concacaf-championship-u20/,27.02.2026,2026-02-27T05:44:36.842838+00:00,[],[],[]
OMAN_PROFESSIONAL_LEAGUE,OMAN,https://wvasmffspxkdbyxrrhzc.supabase.co/storage/v1/object/public/logos/flags/oman.svg,,Professional League,Unknown,https://www.flashscore.com/football/oman/professional-league/,26.02.2026,2026-02-26T17:57:52.542462+00:00,[],[],[]
PARAGUAY_COPA_DE_PRIMERA,PARAGUAY,https://wvasmffspxkdbyxrrhzc.supabase.co/storage/v1/object/public/logos/flags/paraguay.svg,,Copa de Primera,Unknown,https://www.flashscore.com/football/paraguay/copa-de-primera/,26.02.2026,2026-02-26T21:07:36.768429+00:00,[],[],[]
QATAR_QSL,QATAR,https://wvasmffspxkdbyxrrhzc.supabase.co/storage/v1/object/public/logos/flags/qatar.svg,,QSL,Unknown,https://www.flashscore.com/football/qatar/qsl/,27.02.2026,2026-02-27T05:44:36.842838+00:00,[],[],[]
ROMANIA_LIGA_2,ROMANIA,https://wvasmffspxkdbyxrrhzc.supabase.co/storage/v1/object/public/logos/flags/romania.svg,,Liga 2,Unknown,https://www.flashscore.com/football/romania/liga-2/,26.02.2026,2026-02-26T14:32:45.503957+00:00,[],[],[]
SAUDI_ARABIA_SAUDI_PROFESSIONAL_LEAGUE,SAUDI ARABIA,https://wvasmffspxkdbyxrrhzc.supabase.co/storage/v1/object/public/logos/flags/saudi_arabia.svg,,Saudi Professional League,Unknown,https://www.flashscore.com/football/saudi-arabia/saudi-professional-league/,27.02.2026,2026-02-27T05:44:36.842838+00:00,[],[],[]
SEYCHELLES_PREMIER_LEAGUE,SEYCHELLES,https://wvasmffspxkdbyxrrhzc.supabase.co/storage/v1/object/public/logos/flags/seychelles.svg,,Premier League,Unknown,https://www.flashscore.com/football/seychelles/premier-league/,27.02.2026,2026-02-27T05:44:36.842838+00:00,[],[],[]
TANZANIA_LIGI_KUU_BARA,TANZANIA,https://wvasmffspxkdbyxrrhzc.supabase.co/storage/v1/object/public/logos/flags/tanzania.svg,,Ligi Kuu Bara,Unknown,https://www.flashscore.com/football/tanzania/ligi-kuu-bara/,26.02.2026,2026-02-26T14:32:45.503957+00:00,[],[],[]
UNITED_ARAB_EMIRATES_UAE_LEAGUE,UNITED ARAB EMIRATES,https://wvasmffspxkdbyxrrhzc.supabase.co/storage/v1/object/public/logos/flags/united_arab_emirates.svg,,UAE League,Unknown,https://www.flashscore.com/football/united-arab-emirates/uae-league/,27.02.2026,2026-02-27T05:44:36.842838+00:00,[],[],[]
UNITED_ARAB_EMIRATES_DIVISION_1,UNITED ARAB EMIRATES,https://wvasmffspxkdbyxrrhzc.supabase.co/storage/v1/object/public/logos/flags/united_arab_emirates.svg,,Division 1,Unknown,https://www.flashscore.com/football/united-arab-emirates/division-1/,26.02.2026,2026-02-26T17:57:52.542462+00:00,[],[],[]
UNITED_ARAB_EMIRATES_PRO_LEAGUE_U23,UNITED ARAB EMIRATES,https://wvasmffspxkdbyxrrhzc.supabase.co/storage/v1/object/public/logos/flags/united_arab_emirates.svg,,Pro League U23,Unknown,https://www.flashscore.com/football/united-arab-emirates/pro-league-u23/,27.02.2026,2026-02-27T05:44:36.842838+00:00,[],[],[]
WORLD_FRIENDLY_INTERNATIONAL,WORLD,https://wvasmffspxkdbyxrrhzc.supabase.co/storage/v1/object/public/logos/flags/world.svg,,Friendly International,Unknown,https://www.flashscore.com/football/world/friendly-international/,26.02.2026,2026-02-26T14:32:45.503957+00:00,[],[],[]
WORLD_CLUB_FRIENDLY,WORLD,https://wvasmffspxkdbyxrrhzc.supabase.co/storage/v1/object/public/logos/flags/world.svg,,Club Friendly,Unknown,https://www.flashscore.com/football/world/club-friendly/,27.02.2026,2026-02-27T05:44:36.842838+00:00,[],[],[]
WORLD_FRIENDLY_INTERNATIONAL_WOMEN,WORLD,https://wvasmffspxkdbyxrrhzc.supabase.co/storage/v1/object/public/logos/flags/world.svg,,Friendly International Women,Unknown,https://www.flashscore.com/football/world/friendly-international-women/,27.02.2026,2026-02-27T05:44:36.842838+00:00,[],[],[]
ZAMBIA_SUPER_LEAGUE,ZAMBIA,https://wvasmffspxkdbyxrrhzc.supabase.co/storage/v1/object/public/logos/flags/zambia.svg,,Super League,Unknown,https://www.flashscore.com/football/zambia/super-league/,26.02.2026,2026-02-26T14:32:45.503957+00:00,[],[],[]
t6Dr0fQr,,,,UEFA Europa League Knockout round play-offs,,,,2026-02-26T14:09:59.438158+00:00,"['Europa League Play-offs', 'UEL Play-offs', 'UEFA Cup', 'Round of 32 play-offs', 'UEL Knockout round play-offs']","['UEL', 'UEL KRP']","['uel krp', 'uefa cup', 'europa league playoffs', 'uel knockout round playoffs', 'round of 32 playoffs', 'uel', 'uefa europa league knockout round playoffs', 'uel playoffs', 'europe  europa league  play offs  116finals']"
8btRxK04,,,,CONMEBOL Libertadores Qualification Stage - Semi-finals,,,,2026-02-26T14:45:34.137933+00:00,"['Copa Libertadores de América Qualification Stage - Semi-finals', 'Copa Libertadores Qualifiers - Semi-finals', 'Libertadores Preliminary Rounds - Semi-finals', 'Copa Libertadores Preliminary Stage - Semi-finals', 'Copa Libertadores de América', 'Copa Libertadores', 'Libertadores', 'Copa Toyota Libertadores', 'Copa Santander Libertadores', 'Copa Bridgestone Libertadores']","['CL Qualifiers', 'Copa Lib Qualifiers']","['copa libertadores de america qualification stage  semifinals', 'south america  copa libertadores  qualification  semifinals', 'copa libertadores de america', 'copa bridgestone libertadores', 'copa toyota libertadores', 'libertadores preliminary rounds  semifinals', 'copa lib qualifiers', 'copa santander libertadores', 'copa libertadores', 'copa libertadores preliminary stage  semifinals', 'cl qualifiers', 'libertadores', 'copa libertadores qualifiers  semifinals', 'conmebol libertadores qualification stage  semifinals']"
Iylbph6E,,,,Ligue 1 Mobilis,,,,2026-02-26T14:48:30.230145+00:00,"['Ligue Professionnelle 1', 'Championnat National 1', 'Division 1', 'Nationale 1', 'Super D1', 'Ligue 1 Nedjma', 'Algerian Ligue 1']","['L1', 'D1']","['algeria  ligue 1', 'super d1', 'ligue 1 mobilis', 'ligue professionnelle 1', 'nationale 1', 'algerian ligue 1', 'l1', 'division 1', 'ligue 1 nedjma', 'd1', 'championnat national 1']"
KYiWfJVg,,,,Torneo Apertura de la Primera División de Argentina,,,,2026-02-26T14:51:26.692941+00:00,"['Argentine Primera División Apertura', 'Primera División - Apertura', 'Torneo Apertura', 'Apertura Tournament', 'Liga Profesional - Apertura']","['ARG Apertura', 'Apertura']","['primera division  apertura', 'apertura', 'apertura tournament', 'argentina  liga profesional  apertura', 'torneo apertura', 'arg apertura', 'argentine primera division apertura', 'torneo apertura de la primera division de argentina', 'liga profesional  apertura']"
GSgWHoHL,,,,ADNOC Pro League,,,,2026-02-26T16:02:05.9139+00:00,"['UAE Pro League', 'Arabian Gulf League', 'Etisalat Pro-League', 'UAE Football League', 'UAE League', 'Pro League']","['APL', 'UPL', 'AGL']","['adnoc pro league', 'apl', 'united arab emirates  uae league', 'agl', 'pro league', 'uae pro league', 'upl', 'uae football league', 'uae league', 'etisalat proleague', 'arabian gulf league']"
GftjyEtR,,,,Campeonato Brasileiro de Futebol Sub-20,,,,2026-02-26T15:06:54.940324+00:00,"['Brasileirão Sub-20', 'Brazilian U20 Championship', 'Campeonato Brasileiro Sub-20']","['BR Sub-20', 'CBF Sub-20']","['brazilian u20 championship', 'campeonato brasileiro de futebol sub20', 'brasileirao sub20', 'brazil  brasileiro u20', 'cbf sub20', 'br sub20', 'campeonato brasileiro sub20']"
S4Uf5Ws4,,,,Cameroon Super Cup,,,,2026-02-26T15:09:34.316517+00:00,['Super Coupe du Cameroun'],[],"['cameroon  super cup', 'cameroon super cup', 'super coupe du cameroun']"
ABbJaDVs,,,,Torneo BetPlay Dimayor I,,,,2026-02-26T15:15:32.84412+00:00,"['Categoría Primera B Apertura', 'Primera B Apertura', 'Torneo de Ascenso Apertura', 'Torneo BetPlay Dimayor', 'Torneo Águila I', 'Torneo Postobón I', 'Copa Premier I', 'Colombian Second Division Apertura']","['Primera B', 'Torneo BetPlay', 'DIMAYOR B']","['dimayor b', 'torneo betplay dimayor', 'torneo betplay', 'torneo de ascenso apertura', 'colombia  primera b  apertura', 'colombian second division apertura', 'categoria primera b apertura', 'copa premier i', 'torneo aguila i', 'primera b', 'torneo postobon i', 'primera b apertura', 'torneo betplay dimayor i']"
4xbJkX9O,,,,BetKing Ethiopian Premier League,,,,2026-02-26T15:25:24.738758+00:00,"['Ethiopian Premier League', 'Ethiopian National League', 'Ethiopian Higher League']",['EPL'],"['betking ethiopian premier league', 'ethiopian higher league', 'ethiopian national league', 'ethiopia  premier league', 'ethiopian premier league', 'epl']"
0fbgaC9j,,,,UAE First Division League,,,,2026-02-26T16:04:28.514676+00:00,"['UAE Division One', 'UAE First Division', 'UAE D1 League']","['UAE FDL', 'FDL', 'UAE D1']","['uae first division', 'uae d1 league', 'uae division one', 'uae fdl', 'united arab emirates  division 1', 'fdl', 'uae first division league', 'uae d1']"
6wQC79H5,,,,Lengjubikar karla,,,,2026-02-26T15:29:42.974364+00:00,"['Deildabikar', 'Icelandic League Cup', 'Lengjubikarinn']",['Lengjubikar'],"['lengjubikar karla', 'icelandic league cup', 'lengjubikar', 'iceland  league cup', 'lengjubikarinn', 'deildabikar']"
GIIFZO5M,,,,Persian Gulf Star Pro League,,,,2026-02-26T15:31:47.337515+00:00,"['Persian Gulf Pro League', 'Iran Pro League', 'Persian Gulf Cup', 'Pro League', 'PGL']","['PGL', 'IPL']","['persian gulf cup', 'pgl', 'persian gulf pro league', 'persian gulf star pro league', 'pro league', 'iran pro league', 'ipl', 'iran  persian gulf pro league']"
0KZ2F3Ej,,,,Stars League,,,,2026-02-26T15:32:56.762516+00:00,"['Iraqi Premier League', 'Iraqi League', 'Iraqi Super League', 'Dawri Nujoom Al-Iraq']","['IPL', 'SL']","['sl', 'iraq  stars league', 'iraqi super league', 'iraqi league', 'ipl', 'stars league', 'iraqi premier league', 'dawri nujoom aliraq']"
CQatDaUO,,,,Liga Alef South,,,,2026-02-26T15:36:53.199809+00:00,"['Liga Alef (South)', 'Liga Alef Darom']",['LA South'],"['la south', 'liga alef darom', 'liga alef south', 'israel  liga alef south']"
4fLdxQjC,,,,CONCACAF U-20 Championship,,,,2026-02-26T15:48:13.152702+00:00,"['CONCACAF Youth Tournament', 'CONCACAF U-19 Championship', 'CONCACAF U20', 'U20 CONCACAF Championship']","['CONCACAF U20', 'CU20']","['concacaf youth tournament', 'north  central america  concacaf championship u20', 'u20 concacaf championship', 'concacaf u20 championship', 'concacaf u19 championship', 'concacaf u20', 'cu20']"
8YziIa8K,,,,Omantel League,,,,2026-02-26T15:51:23.93432+00:00,"['Oman Professional League', 'Omani League', 'Oman League']",['OPL'],"['oman league', 'oman  professional league', 'oman professional league', 'opl', 'omantel league', 'omani league']"
EBFnzgo3,,,,Torneo Apertura de la Copa de Primera Tigo-Ueno,,,,2026-02-26T15:52:33.391878+00:00,"['Torneo Apertura', 'Primera División Apertura', 'Apertura Paraguayo', 'Liga Paraguaya Apertura', 'Torneo Apertura Tigo', 'Apertura Tigo', 'Copa de Primera Apertura']","['AP', 'CPA']","['liga paraguaya apertura', 'copa de primera apertura', 'torneo apertura de la copa de primera tigoueno', 'torneo apertura', 'primera division apertura', 'torneo apertura tigo', 'apertura tigo', 'cpa', 'apertura paraguayo', 'paraguay  copa de primera  apertura', 'ap']"
KUR2JJ1d,,,,Liga 2,,,,2026-02-26T15:56:03.659804+00:00,"['Liga II', 'Liga a II-a', 'Divizia B', 'Liga 2 Casa Pariurilor']",['L2'],"['liga ii', 'romania  liga 2', 'liga a iia', 'liga 2 casa pariurilor', 'liga 2', 'l2', 'divizia b']"
K4QfYeJ8,,,,Roshn Saudi League,,,,2026-02-26T15:57:11.16456+00:00,"['Saudi Professional League', 'Saudi Premier League', 'Abdul Latif Jameel League', 'Dawry Jameel', 'Prince Mohammad bin Salman League', 'MBS League', 'Dawry Roshn']","['RSL', 'SPL']","['saudi arabia  saudi professional league', 'saudi professional league', 'mbs league', 'spl', 'dawry roshn', 'saudi premier league', 'dawry jameel', 'rsl', 'roshn saudi league', 'prince mohammad bin salman league', 'abdul latif jameel league']"
QoaiHcqA,,,,Seychelles Premier League,,,,2026-02-26T15:59:14.514634+00:00,"['Barclays League Division One', 'Seychelles First Division', 'Premier League (Seychelles)']",['SPL'],"['seychelles first division', 'spl', 'seychelles premier league', 'barclays league division one', 'premier league seychelles', 'seychelles  premier league']"
8nUFOc7T,,,,NBC Premier League,,,,2026-02-26T16:00:24.504373+00:00,"['Ligi Kuu Bara', 'Vodacom Premier League', 'Tanzania Premier League', 'TPL', 'Ligi Kuu Tanzania Bara']","['NBC PL', 'VPL', 'TPL']","['tanzania  ligi kuu bara', 'ligi kuu tanzania bara', 'nbc pl', 'vpl', 'ligi kuu bara', 'nbc premier league', 'vodacom premier league', 'tanzania premier league', 'tpl']"
BELGIUM_JUPILER_PRO_LEAGUE,BELGIUM,https://wvasmffspxkdbyxrrhzc.supabase.co/storage/v1/object/public/logos/flags/belgium.svg,,Jupiler Pro League,Unknown,https://www.flashscore.com/football/belgium/jupiler-pro-league/,27.02.2026,2026-02-27T05:44:36.842838+00:00,[],[],[]
21FuA3md,,,,MTN Super League,,,,2026-02-26T16:20:03.877904+00:00,"['Zambian Premier League', 'Zambian Super League', 'Super League']","['ZSL', 'MTN SL']","['mtn super league', 'zsl', 'mtn sl', 'super league', 'zambia  super league', 'zambian premier league', 'zambian super league']"
ENGLAND_PREMIER_LEAGUE,ENGLAND,https://wvasmffspxkdbyxrrhzc.supabase.co/storage/v1/object/public/logos/flags/england.svg,,Premier League,Unknown,https://www.flashscore.com/football/england/premier-league/,27.02.2026,2026-02-27T05:44:36.842838+00:00,[],[],[]
FRANCE_LIGUE_1,FRANCE,https://wvasmffspxkdbyxrrhzc.supabase.co/storage/v1/object/public/logos/flags/france.svg,,Ligue 1,Unknown,https://www.flashscore.com/football/france/ligue-1/,27.02.2026,2026-02-27T05:44:36.842838+00:00,[],[],[]
GERMANY_BUNDESLIGA,GERMANY,https://wvasmffspxkdbyxrrhzc.supabase.co/storage/v1/object/public/logos/flags/germany.svg,,Bundesliga,Unknown,https://www.flashscore.com/football/germany/bundesliga/,27.02.2026,2026-02-27T05:44:36.842838+00:00,[],[],[]
ITALY_SERIE_A,ITALY,https://wvasmffspxkdbyxrrhzc.supabase.co/storage/v1/object/public/logos/flags/italy.svg,,Serie A,Unknown,https://www.flashscore.com/football/italy/serie-a/,27.02.2026,2026-02-27T05:44:36.842838+00:00,[],[],[]
NETHERLANDS_EREDIVISIE,NETHERLANDS,https://wvasmffspxkdbyxrrhzc.supabase.co/storage/v1/object/public/logos/flags/netherlands.svg,,Eredivisie,Unknown,https://www.flashscore.com/football/netherlands/eredivisie/,27.02.2026,2026-02-27T05:44:36.842838+00:00,[],[],[]
SOUTH_AMERICA_RECOPA_SUDAMERICANA,SOUTH AMERICA,Unknown,,Recopa Sudamericana,Unknown,https://www.flashscore.com/football/south-america/recopa-sudamericana/,26.02.2026,2026-02-26T21:07:36.768429+00:00,[],[],[]
SPAIN_LALIGA,SPAIN,https://wvasmffspxkdbyxrrhzc.supabase.co/storage/v1/object/public/logos/flags/spain.svg,,LaLiga,Unknown,https://www.flashscore.com/football/spain/laliga/,27.02.2026,2026-02-27T05:44:36.842838+00:00,[],[],[]
AFRICA_COSAFA_CUP_WOMEN,AFRICA,Unknown,,COSAFA Cup Women,Unknown,https://www.flashscore.com/football/africa/cosafa-cup-women/,27.02.2026,2026-02-27T05:44:36.842838+00:00,[],[],[]
ALBANIA_ABISSNET_SUPERIORE,ALBANIA,https://wvasmffspxkdbyxrrhzc.supabase.co/storage/v1/object/public/logos/flags/albania.svg,,Abissnet Superiore,Unknown,https://www.flashscore.com/football/albania/abissnet-superiore/,27.02.2026,2026-02-27T05:44:36.842838+00:00,[],[],[]
ALGERIA_LIGUE_2,ALGERIA,https://wvasmffspxkdbyxrrhzc.supabase.co/storage/v1/object/public/logos/flags/algeria.svg,,Ligue 2,Unknown,https://www.flashscore.com/football/algeria/ligue-2/,27.02.2026,2026-02-27T05:44:36.842838+00:00,[],[],[]
ARGENTINA_PRIMERA_B,ARGENTINA,https://wvasmffspxkdbyxrrhzc.supabase.co/storage/v1/object/public/logos/flags/argentina.svg,,Primera B,Unknown,https://www.flashscore.com/football/argentina/primera-b/,27.02.2026,2026-02-27T05:44:36.842838+00:00,[],[],[]
ARMENIA_PREMIER_LEAGUE,ARMENIA,https://wvasmffspxkdbyxrrhzc.supabase.co/storage/v1/object/public/logos/flags/armenia.svg,,Premier League,Unknown,https://www.flashscore.com/football/armenia/premier-league/,27.02.2026,2026-02-27T05:44:36.842838+00:00,[],[],[]
AUSTRALIA_A_LEAGUE,AUSTRALIA,https://wvasmffspxkdbyxrrhzc.supabase.co/storage/v1/object/public/logos/flags/australia.svg,,A-League,Unknown,https://www.flashscore.com/football/australia/a-league/,27.02.2026,2026-02-27T05:44:36.842838+00:00,[],[],[]
AUSTRALIA_NPL_NORTHERN_NSW,AUSTRALIA,https://wvasmffspxkdbyxrrhzc.supabase.co/storage/v1/object/public/logos/flags/australia.svg,,NPL Northern NSW,Unknown,https://www.flashscore.com/football/australia/npl-northern-nsw/,27.02.2026,2026-02-27T05:44:36.842838+00:00,[],[],[]
AUSTRALIA_NPL_NSW,AUSTRALIA,https://wvasmffspxkdbyxrrhzc.supabase.co/storage/v1/object/public/logos/flags/australia.svg,,NPL NSW,Unknown,https://www.flashscore.com/football/australia/npl-nsw/,27.02.2026,2026-02-27T05:44:36.842838+00:00,[],[],[]
AUSTRALIA_NPL_QUEENSLAND,AUSTRALIA,https://wvasmffspxkdbyxrrhzc.supabase.co/storage/v1/object/public/logos/flags/australia.svg,,NPL Queensland,Unknown,https://www.flashscore.com/football/australia/npl-queensland/,27.02.2026,2026-02-27T05:44:36.842838+00:00,[],[],[]
AUSTRALIA_NPL_SOUTH_AUSTRALIA,AUSTRALIA,https://wvasmffspxkdbyxrrhzc.supabase.co/storage/v1/object/public/logos/flags/australia.svg,,NPL South Australia,Unknown,https://www.flashscore.com/football/australia/npl-south-australia/,27.02.2026,2026-02-27T05:44:36.842838+00:00,[],[],[]
AUSTRALIA_NPL_VICTORIA,AUSTRALIA,https://wvasmffspxkdbyxrrhzc.supabase.co/storage/v1/object/public/logos/flags/australia.svg,,NPL Victoria,Unknown,https://www.flashscore.com/football/australia/npl-victoria/,27.02.2026,2026-02-27T05:44:36.842838+00:00,[],[],[]
AUSTRALIA_NPL_WESTERN_AUSTRALIA,AUSTRALIA,https://wvasmffspxkdbyxrrhzc.supabase.co/storage/v1/object/public/logos/flags/australia.svg,,NPL Western Australia,Unknown,https://www.flashscore.com/football/australia/npl-western-australia/,27.02.2026,2026-02-27T05:44:36.842838+00:00,[],[],[]
AUSTRALIA_QUEENSLAND_PREMIER_LEAGUE,AUSTRALIA,https://wvasmffspxkdbyxrrhzc.supabase.co/storage/v1/object/public/logos/flags/australia.svg,,Queensland Premier League,Unknown,https://www.flashscore.com/football/australia/queensland-premier-league/,27.02.2026,2026-02-27T05:44:36.842838+00:00,[],[],[]
AUSTRALIA_VICTORIA_PREMIER_LEAGUE,AUSTRALIA,https://wvasmffspxkdbyxrrhzc.supabase.co/storage/v1/object/public/logos/flags/australia.svg,,Victoria Premier League,Unknown,https://www.flashscore.com/football/australia/victoria-premier-league/,27.02.2026,2026-02-27T05:44:36.842838+00:00,[],[],[]
AUSTRALIA_OCEANIA_OFC_PRO_LEAGUE,AUSTRALIA & OCEANIA,Unknown,,OFC Pro League,Unknown,https://www.flashscore.com/football/australia-oceania/ofc-pro-league/,27.02.2026,2026-02-27T05:44:36.842838+00:00,[],[],[]
AUSTRIA_2_LIGA,AUSTRIA,https://wvasmffspxkdbyxrrhzc.supabase.co/storage/v1/object/public/logos/flags/austria.svg,,2. Liga,Unknown,https://www.flashscore.com/football/austria/2-liga/,27.02.2026,2026-02-27T05:44:36.842838+00:00,[],[],[]
AUSTRIA_REGIONALLIGA_EAST,AUSTRIA,https://wvasmffspxkdbyxrrhzc.supabase.co/storage/v1/object/public/logos/flags/austria.svg,,Regionalliga East,Unknown,https://www.flashscore.com/football/austria/regionalliga-east/,27.02.2026,2026-02-27T05:44:36.842838+00:00,[],[],[]
AUSTRIA_REGIONALLIGA_CENTRAL,AUSTRIA,https://wvasmffspxkdbyxrrhzc.supabase.co/storage/v1/object/public/logos/flags/austria.svg,,Regionalliga Central,Unknown,https://www.flashscore.com/football/austria/regionalliga-central/,27.02.2026,2026-02-27T05:44:36.842838+00:00,[],[],[]
AUSTRIA_BURGENLAND,AUSTRIA,https://wvasmffspxkdbyxrrhzc.supabase.co/storage/v1/object/public/logos/flags/austria.svg,,Burgenland,Unknown,https://www.flashscore.com/football/austria/burgenland/,27.02.2026,2026-02-27T05:44:36.842838+00:00,[],[],[]
AUSTRIA_WIEN,AUSTRIA,https://wvasmffspxkdbyxrrhzc.supabase.co/storage/v1/object/public/logos/flags/austria.svg,,Wien,Unknown,https://www.flashscore.com/football/austria/wien/,27.02.2026,2026-02-27T05:44:36.842838+00:00,[],[],[]
AZERBAIJAN_PREMIER_LEAGUE,AZERBAIJAN,https://wvasmffspxkdbyxrrhzc.supabase.co/storage/v1/object/public/logos/flags/azerbaijan.svg,,Premier League,Unknown,https://www.flashscore.com/football/azerbaijan/premier-league/,27.02.2026,2026-02-27T05:44:36.842838+00:00,[],[],[]
BAHRAIN_KING_S_CUP,BAHRAIN,https://wvasmffspxkdbyxrrhzc.supabase.co/storage/v1/object/public/logos/flags/bahrain.svg,,King's Cup,Unknown,https://www.flashscore.com/football/bahrain/king-s-cup/,27.02.2026,2026-02-27T05:44:36.842838+00:00,[],[],[]
BELGIUM_CHALLENGER_PRO_LEAGUE,BELGIUM,https://wvasmffspxkdbyxrrhzc.supabase.co/storage/v1/object/public/logos/flags/belgium.svg,,Challenger Pro League,Unknown,https://www.flashscore.com/football/belgium/challenger-pro-league/,27.02.2026,2026-02-27T05:44:36.842838+00:00,[],[],[]
BELGIUM_PRO_LEAGUE_U21,BELGIUM,https://wvasmffspxkdbyxrrhzc.supabase.co/storage/v1/object/public/logos/flags/belgium.svg,,Pro League U21,Unknown,https://www.flashscore.com/football/belgium/pro-league-u21/,27.02.2026,2026-02-27T05:44:36.842838+00:00,[],[],[]
BOLIVIA_TORNEO_AMISTOSO_DE_VERANO,BOLIVIA,https://wvasmffspxkdbyxrrhzc.supabase.co/storage/v1/object/public/logos/flags/bolivia.svg,,Torneo Amistoso de Verano,Unknown,https://www.flashscore.com/football/bolivia/torneo-amistoso-de-verano/,26.02.2026,2026-02-26T21:07:36.768429+00:00,[],[],[]
BOTSWANA_PREMIER_LEAGUE,BOTSWANA,https://wvasmffspxkdbyxrrhzc.supabase.co/storage/v1/object/public/logos/flags/botswana.svg,,Premier League,Unknown,https://www.flashscore.com/football/botswana/premier-league/,27.02.2026,2026-02-27T05:44:36.842838+00:00,[],[],[]
BRAZIL_AMAPAENSE,BRAZIL,https://wvasmffspxkdbyxrrhzc.supabase.co/storage/v1/object/public/logos/flags/brazil.svg,,Amapaense,Unknown,https://www.flashscore.com/football/brazil/amapaense/,26.02.2026,2026-02-26T21:07:36.768429+00:00,[],[],[]
BRAZIL_CAPIXABA,BRAZIL,https://wvasmffspxkdbyxrrhzc.supabase.co/storage/v1/object/public/logos/flags/brazil.svg,,Capixaba,Unknown,https://www.flashscore.com/football/brazil/capixaba/,26.02.2026,2026-02-26T21:07:36.768429+00:00,[],[],[]
BRAZIL_SERGIPANO,BRAZIL,https://wvasmffspxkdbyxrrhzc.supabase.co/storage/v1/object/public/logos/flags/brazil.svg,,Sergipano,Unknown,https://www.flashscore.com/football/brazil/sergipano/,26.02.2026,2026-02-26T21:07:36.768429+00:00,[],[],[]
BRAZIL_COPA_BETANO_DO_BRASIL,BRAZIL,https://wvasmffspxkdbyxrrhzc.supabase.co/storage/v1/object/public/logos/flags/brazil.svg,,Copa Betano do Brasil,Unknown,https://www.flashscore.com/football/brazil/copa-betano-do-brasil/,26.02.2026,2026-02-26T21:07:36.768429+00:00,[],[],[]
BULGARIA_EFBET_LEAGUE,BULGARIA,https://wvasmffspxkdbyxrrhzc.supabase.co/storage/v1/object/public/logos/flags/bulgaria.svg,,efbet League,Unknown,https://www.flashscore.com/football/bulgaria/efbet-league/,27.02.2026,2026-02-27T05:44:36.842838+00:00,[],[],[]
BURKINA_FASO_PREMIER_LEAGUE,BURKINA FASO,https://wvasmffspxkdbyxrrhzc.supabase.co/storage/v1/object/public/logos/flags/burkina_faso.svg,,Premier League,Unknown,https://www.flashscore.com/football/burkina-faso/premier-league/,27.02.2026,2026-02-27T05:44:36.842838+00:00,[],[],[]
BURUNDI_PRIMUS_LEAGUE,BURUNDI,https://wvasmffspxkdbyxrrhzc.supabase.co/storage/v1/object/public/logos/flags/burundi.svg,,Primus League,Unknown,https://www.flashscore.com/football/burundi/primus-league/,27.02.2026,2026-02-27T05:44:36.842838+00:00,[],[],[]
CAMEROON_ELITE_TWO,CAMEROON,https://wvasmffspxkdbyxrrhzc.supabase.co/storage/v1/object/public/logos/flags/cameroon.svg,,Elite Two,Unknown,https://www.flashscore.com/football/cameroon/elite-two/,27.02.2026,2026-02-27T05:44:36.842838+00:00,[],[],[]
CHILE_LIGA_DE_PRIMERA,CHILE,https://wvasmffspxkdbyxrrhzc.supabase.co/storage/v1/object/public/logos/flags/chile.svg,,Liga de Primera,Unknown,https://www.flashscore.com/football/chile/liga-de-primera/,27.02.2026,2026-02-27T05:44:36.842838+00:00,[],[],[]
CHILE_LIGA_DE_ASCENSO,CHILE,https://wvasmffspxkdbyxrrhzc.supabase.co/storage/v1/object/public/logos/flags/chile.svg,,Liga de Ascenso,Unknown,https://www.flashscore.com/football/chile/liga-de-ascenso/,27.02.2026,2026-02-27T05:44:36.842838+00:00,[],[],[]
COLOMBIA_PRIMERA_A,COLOMBIA,https://wvasmffspxkdbyxrrhzc.supabase.co/storage/v1/object/public/logos/flags/colombia.svg,,Primera A,Unknown,https://www.flashscore.com/football/colombia/primera-a/,26.02.2026,2026-02-26T21:07:36.768429+00:00,[],[],[]
CROATIA_HNL,CROATIA,https://wvasmffspxkdbyxrrhzc.supabase.co/storage/v1/object/public/logos/flags/croatia.svg,,HNL,Unknown,https://www.flashscore.com/football/croatia/hnl/,27.02.2026,2026-02-27T05:44:36.842838+00:00,[],[],[]
CROATIA_PRVA_NL,CROATIA,https://wvasmffspxkdbyxrrhzc.supabase.co/storage/v1/object/public/logos/flags/croatia.svg,,Prva NL,Unknown,https://www.flashscore.com/football/croatia/prva-nl/,27.02.2026,2026-02-27T05:44:36.842838+00:00,[],[],[]
CROATIA_DRUGA_NL,CROATIA,https://wvasmffspxkdbyxrrhzc.supabase.co/storage/v1/object/public/logos/flags/croatia.svg,,Druga NL,Unknown,https://www.flashscore.com/football/croatia/druga-nl/,27.02.2026,2026-02-27T05:44:36.842838+00:00,[],[],[]
CZECH_REPUBLIC_CHANCE_LIGA,CZECH REPUBLIC,https://wvasmffspxkdbyxrrhzc.supabase.co/storage/v1/object/public/logos/flags/czech_republic.svg,,Chance Liga,Unknown,https://www.flashscore.com/football/czech-republic/chance-liga/,27.02.2026,2026-02-27T05:44:36.842838+00:00,[],[],[]
CZECH_REPUBLIC_CHNL,CZECH REPUBLIC,https://wvasmffspxkdbyxrrhzc.supabase.co/storage/v1/object/public/logos/flags/czech_republic.svg,,ChNL,Unknown,https://www.flashscore.com/football/czech-republic/chnl/,27.02.2026,2026-02-27T05:44:36.842838+00:00,[],[],[]
DENMARK_1ST_DIVISION,DENMARK,https://wvasmffspxkdbyxrrhzc.supabase.co/storage/v1/object/public/logos/flags/denmark.svg,,1st Division,Unknown,https://www.flashscore.com/football/denmark/1st-division/,27.02.2026,2026-02-27T05:44:36.842838+00:00,[],[],[]
ENGLAND_CHAMPIONSHIP,ENGLAND,https://wvasmffspxkdbyxrrhzc.supabase.co/storage/v1/object/public/logos/flags/england.svg,,Championship,Unknown,https://www.flashscore.com/football/england/championship/,27.02.2026,2026-02-27T05:44:36.842838+00:00,[],[],[]
ENGLAND_LEAGUE_TWO,ENGLAND,https://wvasmffspxkdbyxrrhzc.supabase.co/storage/v1/object/public/logos/flags/england.svg,,League Two,Unknown,https://www.flashscore.com/football/england/league-two/,27.02.2026,2026-02-27T05:44:36.842838+00:00,[],[],[]
ENGLAND_PREMIER_LEAGUE_2,ENGLAND,https://wvasmffspxkdbyxrrhzc.supabase.co/storage/v1/object/public/logos/flags/england.svg,,Premier League 2,Unknown,https://www.flashscore.com/football/england/premier-league-2/,27.02.2026,2026-02-27T05:44:36.842838+00:00,[],[],[]
ENGLAND_PROFESSIONAL_DEVELOPMENT_LEAGUE,ENGLAND,https://wvasmffspxkdbyxrrhzc.supabase.co/storage/v1/object/public/logos/flags/england.svg,,Professional Development League,Unknown,https://www.flashscore.com/football/england/professional-development-league/,27.02.2026,2026-02-27T05:44:36.842838+00:00,[],[],[]
ESWATINI_SWAZI_MTN_PREMIER_LEAGUE,ESWATINI,https://wvasmffspxkdbyxrrhzc.supabase.co/storage/v1/object/public/logos/flags/eswatini.svg,,Swazi MTN Premier League,Unknown,https://www.flashscore.com/football/eswatini/swazi-mtn-premier-league/,27.02.2026,2026-02-27T05:44:36.842838+00:00,[],[],[]
EUROPE_EURO_U19_WOMEN,EUROPE,https://wvasmffspxkdbyxrrhzc.supabase.co/storage/v1/object/public/logos/flags/europe.svg,,Euro U19 Women,Unknown,https://www.flashscore.com/football/europe/euro-u19-women/,27.02.2026,2026-02-27T05:44:36.842838+00:00,[],[],[]
EUROPE_EURO_U17_WOMEN,EUROPE,https://wvasmffspxkdbyxrrhzc.supabase.co/storage/v1/object/public/logos/flags/europe.svg,,Euro U17 Women,Unknown,https://www.flashscore.com/football/europe/euro-u17-women/,27.02.2026,2026-02-27T05:44:36.842838+00:00,[],[],[]
FIJI_PREMIER_LEAGUE,FIJI,https://wvasmffspxkdbyxrrhzc.supabase.co/storage/v1/object/public/logos/flags/fiji.svg,,Premier League,Unknown,https://www.flashscore.com/football/fiji/premier-league/,27.02.2026,2026-02-27T05:44:36.842838+00:00,[],[],[]
FRANCE_LIGUE_2,FRANCE,https://wvasmffspxkdbyxrrhzc.supabase.co/storage/v1/object/public/logos/flags/france.svg,,Ligue 2,Unknown,https://www.flashscore.com/football/france/ligue-2/,27.02.2026,2026-02-27T05:44:36.842838+00:00,[],[],[]
FRANCE_NATIONAL,FRANCE,https://wvasmffspxkdbyxrrhzc.supabase.co/storage/v1/object/public/logos/flags/france.svg,,National,Unknown,https://www.flashscore.com/football/france/national/,27.02.2026,2026-02-27T05:44:36.842838+00:00,[],[],[]
FRANCE_NATIONAL_2_GROUP_A,FRANCE,https://wvasmffspxkdbyxrrhzc.supabase.co/storage/v1/object/public/logos/flags/france.svg,,National 2,Unknown,https://www.flashscore.com/football/france/national-2-group-a/,27.02.2026,2026-02-27T05:44:36.842838+00:00,[],[],[]
GERMANY_2_BUNDESLIGA,GERMANY,https://wvasmffspxkdbyxrrhzc.supabase.co/storage/v1/object/public/logos/flags/germany.svg,,2. Bundesliga,Unknown,https://www.flashscore.com/football/germany/2-bundesliga/,27.02.2026,2026-02-27T05:44:36.842838+00:00,[],[],[]
GERMANY_3_LIGA,GERMANY,https://wvasmffspxkdbyxrrhzc.supabase.co/storage/v1/object/public/logos/flags/germany.svg,,3. Liga,Unknown,https://www.flashscore.com/football/germany/3-liga/,27.02.2026,2026-02-27T05:44:36.842838+00:00,[],[],[]
GERMANY_REGIONALLIGA_NORTH,GERMANY,https://wvasmffspxkdbyxrrhzc.supabase.co/storage/v1/object/public/logos/flags/germany.svg,,Regionalliga North,Unknown,https://www.flashscore.com/football/germany/regionalliga-north/,27.02.2026,2026-02-27T05:44:36.842838+00:00,[],[],[]
GERMANY_REGIONALLIGA_NORDOST,GERMANY,https://wvasmffspxkdbyxrrhzc.supabase.co/storage/v1/object/public/logos/flags/germany.svg,,Regionalliga Nordost,Unknown,https://www.flashscore.com/football/germany/regionalliga-nordost/,27.02.2026,2026-02-27T05:44:36.842838+00:00,[],[],[]
GERMANY_REGIONALLIGA_WEST,GERMANY,https://wvasmffspxkdbyxrrhzc.supabase.co/storage/v1/object/public/logos/flags/germany.svg,,Regionalliga West,Unknown,https://www.flashscore.com/football/germany/regionalliga-west/,27.02.2026,2026-02-27T05:44:36.842838+00:00,[],[],[]
GERMANY_REGIONALLIGA_BAYERN,GERMANY,https://wvasmffspxkdbyxrrhzc.supabase.co/storage/v1/object/public/logos/flags/germany.svg,,Regionalliga Bayern,Unknown,https://www.flashscore.com/football/germany/regionalliga-bayern/,27.02.2026,2026-02-27T05:44:36.842838+00:00,[],[],[]
GERMANY_OBERLIGA_NOFV_NORD,GERMANY,https://wvasmffspxkdbyxrrhzc.supabase.co/storage/v1/object/public/logos/flags/germany.svg,,Oberliga NOFV-Nord,Unknown,https://www.flashscore.com/football/germany/oberliga-nofv-nord/,27.02.2026,2026-02-27T05:44:36.842838+00:00,[],[],[]
GERMANY_OBERLIGA_SCHLESWIG_HOLSTEIN,GERMANY,https://wvasmffspxkdbyxrrhzc.supabase.co/storage/v1/object/public/logos/flags/germany.svg,,Oberliga Schleswig-Holstein,Unknown,https://www.flashscore.com/football/germany/oberliga-schleswig-holstein/,27.02.2026,2026-02-27T05:44:36.842838+00:00,[],[],[]
GERMANY_OBERLIGA_HAMBURG,GERMANY,https://wvasmffspxkdbyxrrhzc.supabase.co/storage/v1/object/public/logos/flags/germany.svg,,Oberliga Hamburg,Unknown,https://www.flashscore.com/football/germany/oberliga-hamburg/,27.02.2026,2026-02-27T05:44:36.842838+00:00,[],[],[]
GERMANY_OBERLIGA_BREMEN,GERMANY,https://wvasmffspxkdbyxrrhzc.supabase.co/storage/v1/object/public/logos/flags/germany.svg,,Oberliga Bremen,Unknown,https://www.flashscore.com/football/germany/oberliga-bremen/,27.02.2026,2026-02-27T05:44:36.842838+00:00,[],[],[]
GERMANY_OBERLIGA_WESTFALEN,GERMANY,https://wvasmffspxkdbyxrrhzc.supabase.co/storage/v1/object/public/logos/flags/germany.svg,,Oberliga Westfalen,Unknown,https://www.flashscore.com/football/germany/oberliga-westfalen/,27.02.2026,2026-02-27T05:44:36.842838+00:00,[],[],[]
GERMANY_OBERLIGA_HESSEN,GERMANY,https://wvasmffspxkdbyxrrhzc.supabase.co/storage/v1/object/public/logos/flags/germany.svg,,Oberliga Hessen,Unknown,https://www.flashscore.com/football/germany/oberliga-hessen/,27.02.2026,2026-02-27T05:44:36.842838+00:00,[],[],[]
GERMANY_OBERLIGA_BAYERN_NORD,GERMANY,https://wvasmffspxkdbyxrrhzc.supabase.co/storage/v1/object/public/logos/flags/germany.svg,,Oberliga Bayern Nord,Unknown,https://www.flashscore.com/football/germany/oberliga-bayern-nord/,27.02.2026,2026-02-27T05:44:36.842838+00:00,[],[],[]
GERMANY_OBERLIGA_BADEN_WURTTEMBERG,GERMANY,https://wvasmffspxkdbyxrrhzc.supabase.co/storage/v1/object/public/logos/flags/germany.svg,,Oberliga Baden-Württemberg,Unknown,https://www.flashscore.com/football/germany/oberliga-baden-wurttemberg/,27.02.2026,2026-02-27T05:44:36.842838+00:00,[],[],[]
GERMANY_OBERLIGA_MITTELRHEIN,GERMANY,https://wvasmffspxkdbyxrrhzc.supabase.co/storage/v1/object/public/logos/flags/germany.svg,,Oberliga Mittelrhein,Unknown,https://www.flashscore.com/football/germany/oberliga-mittelrhein/,27.02.2026,2026-02-27T05:44:36.842838+00:00,[],[],[]
GERMANY_OBERLIGA_NIEDERRHEIN,GERMANY,https://wvasmffspxkdbyxrrhzc.supabase.co/storage/v1/object/public/logos/flags/germany.svg,,Oberliga Niederrhein,Unknown,https://www.flashscore.com/football/germany/oberliga-niederrhein/,27.02.2026,2026-02-27T05:44:36.842838+00:00,[],[],[]
GHANA_PREMIER_LEAGUE,GHANA,https://wvasmffspxkdbyxrrhzc.supabase.co/storage/v1/object/public/logos/flags/ghana.svg,,Premier League,Unknown,https://www.flashscore.com/football/ghana/premier-league/,27.02.2026,2026-02-27T05:44:36.842838+00:00,[],[],[]
GHANA_DIVISION_ONE_LEAGUE,GHANA,https://wvasmffspxkdbyxrrhzc.supabase.co/storage/v1/object/public/logos/flags/ghana.svg,,Division One League,Unknown,https://www.flashscore.com/football/ghana/division-one-league/,27.02.2026,2026-02-27T05:44:36.842838+00:00,[],[],[]
HONDURAS_LIGA_NACIONAL,HONDURAS,https://wvasmffspxkdbyxrrhzc.supabase.co/storage/v1/object/public/logos/flags/honduras.svg,,Liga Nacional,Unknown,https://www.flashscore.com/football/honduras/liga-nacional/,26.02.2026,2026-02-26T21:07:36.768429+00:00,[],[],[]
HUNGARY_NB_I,HUNGARY,https://wvasmffspxkdbyxrrhzc.supabase.co/storage/v1/object/public/logos/flags/hungary.svg,,NB I.,Unknown,https://www.flashscore.com/football/hungary/nb-i/,27.02.2026,2026-02-27T05:44:36.842838+00:00,[],[],[]
ICELAND_LEAGUE_CUP_WOMEN,ICELAND,https://wvasmffspxkdbyxrrhzc.supabase.co/storage/v1/object/public/logos/flags/iceland.svg,,League Cup Women,Unknown,https://www.flashscore.com/football/iceland/league-cup-women/,27.02.2026,2026-02-27T05:44:36.842838+00:00,[],[],[]
INDIA_I_LEAGUE,INDIA,https://wvasmffspxkdbyxrrhzc.supabase.co/storage/v1/object/public/logos/flags/india.svg,,I-League,Unknown,https://www.flashscore.com/football/india/i-league/,27.02.2026,2026-02-27T05:44:36.842838+00:00,[],[],[]
INDONESIA_SUPER_LEAGUE,INDONESIA,https://wvasmffspxkdbyxrrhzc.supabase.co/storage/v1/object/public/logos/flags/indonesia.svg,,Super League,Unknown,https://www.flashscore.com/football/indonesia/super-league/,27.02.2026,2026-02-27T05:44:36.842838+00:00,[],[],[]
INDONESIA_CHAMPIONSHIP,INDONESIA,https://wvasmffspxkdbyxrrhzc.supabase.co/storage/v1/object/public/logos/flags/indonesia.svg,,Championship,Unknown,https://www.flashscore.com/football/indonesia/championship/,27.02.2026,2026-02-27T05:44:36.842838+00:00,[],[],[]
IRELAND_PREMIER_DIVISION,IRELAND,https://wvasmffspxkdbyxrrhzc.supabase.co/storage/v1/object/public/logos/flags/ireland.svg,,Premier Division,Unknown,https://www.flashscore.com/football/ireland/premier-division/,27.02.2026,2026-02-27T05:44:36.842838+00:00,[],[],[]
IRELAND_DIVISION_1,IRELAND,https://wvasmffspxkdbyxrrhzc.supabase.co/storage/v1/object/public/logos/flags/ireland.svg,,Division 1,Unknown,https://www.flashscore.com/football/ireland/division-1/,27.02.2026,2026-02-27T05:44:36.842838+00:00,[],[],[]
ISRAEL_LEUMIT_LEAGUE,ISRAEL,https://wvasmffspxkdbyxrrhzc.supabase.co/storage/v1/object/public/logos/flags/israel.svg,,Leumit League,Unknown,https://www.flashscore.com/football/israel/leumit-league/,27.02.2026,2026-02-27T05:44:36.842838+00:00,[],[],[]
ITALY_SERIE_B,ITALY,https://wvasmffspxkdbyxrrhzc.supabase.co/storage/v1/object/public/logos/flags/italy.svg,,Serie B,Unknown,https://www.flashscore.com/football/italy/serie-b/,27.02.2026,2026-02-27T05:44:36.842838+00:00,[],[],[]
ITALY_SERIE_C_GROUP_A,ITALY,https://wvasmffspxkdbyxrrhzc.supabase.co/storage/v1/object/public/logos/flags/italy.svg,,Serie C,Unknown,https://www.flashscore.com/football/italy/serie-c-group-a/,27.02.2026,2026-02-27T05:44:36.842838+00:00,[],[],[]
ITALY_PRIMAVERA_1,ITALY,https://wvasmffspxkdbyxrrhzc.supabase.co/storage/v1/object/public/logos/flags/italy.svg,,Primavera 1,Unknown,https://www.flashscore.com/football/italy/primavera-1/,27.02.2026,2026-02-27T05:44:36.842838+00:00,[],[],[]
IVORY_COAST_LIGUE_1,IVORY COAST,https://wvasmffspxkdbyxrrhzc.supabase.co/storage/v1/object/public/logos/flags/ivory_coast.svg,,Ligue 1,Unknown,https://www.flashscore.com/football/ivory-coast/ligue-1/,27.02.2026,2026-02-27T05:44:36.842838+00:00,[],[],[]
JAPAN_J1_LEAGUE,JAPAN,https://wvasmffspxkdbyxrrhzc.supabase.co/storage/v1/object/public/logos/flags/japan.svg,,J1 League,Unknown,https://www.flashscore.com/football/japan/j1-league/,27.02.2026,2026-02-27T05:44:36.842838+00:00,[],[],[]
KENYA_SUPER_LEAGUE,KENYA,https://wvasmffspxkdbyxrrhzc.supabase.co/storage/v1/object/public/logos/flags/kenya.svg,,Super League,Unknown,https://www.flashscore.com/football/kenya/super-league/,27.02.2026,2026-02-27T05:44:36.842838+00:00,[],[],[]
KUWAIT_EMIR_CUP,KUWAIT,https://wvasmffspxkdbyxrrhzc.supabase.co/storage/v1/object/public/logos/flags/kuwait.svg,,Emir Cup,Unknown,https://www.flashscore.com/football/kuwait/emir-cup/,27.02.2026,2026-02-27T05:44:36.842838+00:00,[],[],[]
LEBANON_PREMIER_LEAGUE,LEBANON,https://wvasmffspxkdbyxrrhzc.supabase.co/storage/v1/object/public/logos/flags/lebanon.svg,,Premier League,Unknown,https://www.flashscore.com/football/lebanon/premier-league/,27.02.2026,2026-02-27T05:44:36.842838+00:00,[],[],[]
LITHUANIA_TOPLYGA,LITHUANIA,https://wvasmffspxkdbyxrrhzc.supabase.co/storage/v1/object/public/logos/flags/lithuania.svg,,TOPLYGA,Unknown,https://www.flashscore.com/football/lithuania/toplyga/,27.02.2026,2026-02-27T05:44:36.842838+00:00,[],[],[]
MACAO_ELITE_LEAGUE,MACAO,Unknown,,Elite League,Unknown,https://www.flashscore.com/football/macao/elite-league/,27.02.2026,2026-02-27T05:44:36.842838+00:00,[],[],[]
MALAYSIA_SUPER_LEAGUE,MALAYSIA,https://wvasmffspxkdbyxrrhzc.supabase.co/storage/v1/object/public/logos/flags/malaysia.svg,,Super League,Unknown,https://www.flashscore.com/football/malaysia/super-league/,27.02.2026,2026-02-27T05:44:36.842838+00:00,[],[],[]
MALI_PREMIERE_DIVISION,MALI,https://wvasmffspxkdbyxrrhzc.supabase.co/storage/v1/object/public/logos/flags/mali.svg,,Premiere Division,Unknown,https://www.flashscore.com/football/mali/premiere-division/,27.02.2026,2026-02-27T05:44:36.842838+00:00,[],[],[]
MEXICO_LIGA_MX_U21,MEXICO,https://wvasmffspxkdbyxrrhzc.supabase.co/storage/v1/object/public/logos/flags/mexico.svg,,Liga MX U21,Unknown,https://www.flashscore.com/football/mexico/liga-mx-u21/,27.02.2026,2026-02-27T05:44:36.842838+00:00,[],[],[]
MOROCCO_BOTOLA_PRO,MOROCCO,https://wvasmffspxkdbyxrrhzc.supabase.co/storage/v1/object/public/logos/flags/morocco.svg,,Botola Pro,Unknown,https://www.flashscore.com/football/morocco/botola-pro/,27.02.2026,2026-02-27T05:44:36.842838+00:00,[],[],[]
NETHERLANDS_EERSTE_DIVISIE,NETHERLANDS,https://wvasmffspxkdbyxrrhzc.supabase.co/storage/v1/object/public/logos/flags/netherlands.svg,,Eerste Divisie,Unknown,https://www.flashscore.com/football/netherlands/eerste-divisie/,27.02.2026,2026-02-27T05:44:36.842838+00:00,[],[],[]
NIGERIA_NNL,NIGERIA,https://wvasmffspxkdbyxrrhzc.supabase.co/storage/v1/object/public/logos/flags/nigeria.svg,,NNL,Unknown,https://www.flashscore.com/football/nigeria/nnl/,27.02.2026,2026-02-27T05:44:36.842838+00:00,[],[],[]
NORTH_CENTRAL_AMERICA_CONCACAF_CHAMPIONS_CUP,NORTH & CENTRAL AMERICA,Unknown,,CONCACAF Champions Cup,Unknown,https://www.flashscore.com/football/north-central-america/concacaf-champions-cup/,26.02.2026,2026-02-26T21:07:36.768429+00:00,[],[],[]
NORTH_MACEDONIA_1_MFL,NORTH MACEDONIA,https://wvasmffspxkdbyxrrhzc.supabase.co/storage/v1/object/public/logos/flags/north_macedonia.svg,,1. MFL,Unknown,https://www.flashscore.com/football/north-macedonia/1-mfl/,27.02.2026,2026-02-27T05:44:36.842838+00:00,[],[],[]
NORTHERN_IRELAND_NIFL_CHAMPIONSHIP,NORTHERN IRELAND,https://wvasmffspxkdbyxrrhzc.supabase.co/storage/v1/object/public/logos/flags/northern_ireland.svg,,NIFL Championship,Unknown,https://www.flashscore.com/football/northern-ireland/nifl-championship/,27.02.2026,2026-02-27T05:44:36.842838+00:00,[],[],[]
PERU_LIGA_1,PERU,https://wvasmffspxkdbyxrrhzc.supabase.co/storage/v1/object/public/logos/flags/peru.svg,,Liga 1,Unknown,https://www.flashscore.com/football/peru/liga-1/,27.02.2026,2026-02-27T05:44:36.842838+00:00,[],[],[]
POLAND_EKSTRAKLASA,POLAND,https://wvasmffspxkdbyxrrhzc.supabase.co/storage/v1/object/public/logos/flags/poland.svg,,Ekstraklasa,Unknown,https://www.flashscore.com/football/poland/ekstraklasa/,27.02.2026,2026-02-27T05:44:36.842838+00:00,[],[],[]
POLAND_DIVISION_1,POLAND,https://wvasmffspxkdbyxrrhzc.supabase.co/storage/v1/object/public/logos/flags/poland.svg,,Division 1,Unknown,https://www.flashscore.com/football/poland/division-1/,27.02.2026,2026-02-27T05:44:36.842838+00:00,[],[],[]
POLAND_DIVISION_2,POLAND,https://wvasmffspxkdbyxrrhzc.supabase.co/storage/v1/object/public/logos/flags/poland.svg,,Division 2,Unknown,https://www.flashscore.com/football/poland/division-2/,27.02.2026,2026-02-27T05:44:36.842838+00:00,[],[],[]
POLAND_III_LIGA_GROUP_II,POLAND,https://wvasmffspxkdbyxrrhzc.supabase.co/storage/v1/object/public/logos/flags/poland.svg,,III Liga,Unknown,https://www.flashscore.com/football/poland/iii-liga-group-ii/,27.02.2026,2026-02-27T05:44:36.842838+00:00,[],[],[]
POLAND_III_LIGA_GROUP_III,POLAND,https://wvasmffspxkdbyxrrhzc.supabase.co/storage/v1/object/public/logos/flags/poland.svg,,III Liga,Unknown,https://www.flashscore.com/football/poland/iii-liga-group-iii/,27.02.2026,2026-02-27T05:44:36.842838+00:00,[],[],[]
PORTUGAL_LIGA_PORTUGAL,PORTUGAL,https://wvasmffspxkdbyxrrhzc.supabase.co/storage/v1/object/public/logos/flags/portugal.svg,,Liga Portugal,Unknown,https://www.flashscore.com/football/portugal/liga-portugal/,27.02.2026,2026-02-27T05:44:36.842838+00:00,[],[],[]
PORTUGAL_LIGA_3,PORTUGAL,https://wvasmffspxkdbyxrrhzc.supabase.co/storage/v1/object/public/logos/flags/portugal.svg,,Liga 3,Unknown,https://www.flashscore.com/football/portugal/liga-3/,27.02.2026,2026-02-27T05:44:36.842838+00:00,[],[],[]
ROMANIA_SUPERLIGA,ROMANIA,https://wvasmffspxkdbyxrrhzc.supabase.co/storage/v1/object/public/logos/flags/romania.svg,,Superliga,Unknown,https://www.flashscore.com/football/romania/superliga/,27.02.2026,2026-02-27T05:44:36.842838+00:00,[],[],[]
ROMANIA_LIGA_3_SERIA_1,ROMANIA,https://wvasmffspxkdbyxrrhzc.supabase.co/storage/v1/object/public/logos/flags/romania.svg,,Liga 3,Unknown,https://www.flashscore.com/football/romania/liga-3-seria-1/,27.02.2026,2026-02-27T05:44:36.842838+00:00,[],[],[]
ROMANIA_LIGA_3_SERIA_2,ROMANIA,https://wvasmffspxkdbyxrrhzc.supabase.co/storage/v1/object/public/logos/flags/romania.svg,,Liga 3,Unknown,https://www.flashscore.com/football/romania/liga-3-seria-2/,27.02.2026,2026-02-27T05:44:36.842838+00:00,[],[],[]
ROMANIA_LIGA_3_SERIA_3,ROMANIA,https://wvasmffspxkdbyxrrhzc.supabase.co/storage/v1/object/public/logos/flags/romania.svg,,Liga 3,Unknown,https://www.flashscore.com/football/romania/liga-3-seria-3/,27.02.2026,2026-02-27T05:44:36.842838+00:00,[],[],[]
ROMANIA_LIGA_3_SERIA_4,ROMANIA,https://wvasmffspxkdbyxrrhzc.supabase.co/storage/v1/object/public/logos/flags/romania.svg,,Liga 3,Unknown,https://www.flashscore.com/football/romania/liga-3-seria-4/,27.02.2026,2026-02-27T05:44:36.842838+00:00,[],[],[]
ROMANIA_LIGA_3_SERIA_5,ROMANIA,https://wvasmffspxkdbyxrrhzc.supabase.co/storage/v1/object/public/logos/flags/romania.svg,,Liga 3,Unknown,https://www.flashscore.com/football/romania/liga-3-seria-5/,27.02.2026,2026-02-27T05:44:36.842838+00:00,[],[],[]
ROMANIA_LIGA_3_SERIA_6,ROMANIA,https://wvasmffspxkdbyxrrhzc.supabase.co/storage/v1/object/public/logos/flags/romania.svg,,Liga 3,Unknown,https://www.flashscore.com/football/romania/liga-3-seria-6/,27.02.2026,2026-02-27T05:44:36.842838+00:00,[],[],[]
ROMANIA_LIGA_3_SERIA_7,ROMANIA,https://wvasmffspxkdbyxrrhzc.supabase.co/storage/v1/object/public/logos/flags/romania.svg,,Liga 3,Unknown,https://www.flashscore.com/football/romania/liga-3-seria-7/,27.02.2026,2026-02-27T05:44:36.842838+00:00,[],[],[]
ROMANIA_LIGA_3_SERIA_8,ROMANIA,https://wvasmffspxkdbyxrrhzc.supabase.co/storage/v1/object/public/logos/flags/romania.svg,,Liga 3,Unknown,https://www.flashscore.com/football/romania/liga-3-seria-8/,27.02.2026,2026-02-27T05:44:36.842838+00:00,[],[],[]
RUSSIA_PREMIER_LEAGUE,RUSSIA,https://wvasmffspxkdbyxrrhzc.supabase.co/storage/v1/object/public/logos/flags/russia.svg,,Premier League,Unknown,https://www.flashscore.com/football/russia/premier-league/,27.02.2026,2026-02-27T05:44:36.842838+00:00,[],[],[]
RUSSIA_FNL,RUSSIA,https://wvasmffspxkdbyxrrhzc.supabase.co/storage/v1/object/public/logos/flags/russia.svg,,FNL,Unknown,https://www.flashscore.com/football/russia/fnl/,27.02.2026,2026-02-27T05:44:36.842838+00:00,[],[],[]
RWANDA_PREMIER_LEAGUE,RWANDA,https://wvasmffspxkdbyxrrhzc.supabase.co/storage/v1/object/public/logos/flags/rwanda.svg,,Premier League,Unknown,https://www.flashscore.com/football/rwanda/premier-league/,27.02.2026,2026-02-27T05:44:36.842838+00:00,[],[],[]
SAUDI_ARABIA_DIVISION_2,SAUDI ARABIA,https://wvasmffspxkdbyxrrhzc.supabase.co/storage/v1/object/public/logos/flags/saudi_arabia.svg,,Division 2,Unknown,https://www.flashscore.com/football/saudi-arabia/division-2/,27.02.2026,2026-02-27T05:44:36.842838+00:00,[],[],[]
SCOTLAND_LOWLAND_LEAGUE,SCOTLAND,https://wvasmffspxkdbyxrrhzc.supabase.co/storage/v1/object/public/logos/flags/scotland.svg,,Lowland League,Unknown,https://www.flashscore.com/football/scotland/lowland-league/,27.02.2026,2026-02-27T05:44:36.842838+00:00,[],[],[]
SERBIA_MOZZART_BET_PRVA_LIGA,SERBIA,https://wvasmffspxkdbyxrrhzc.supabase.co/storage/v1/object/public/logos/flags/serbia.svg,,Mozzart Bet Prva Liga,Unknown,https://www.flashscore.com/football/serbia/mozzart-bet-prva-liga/,27.02.2026,2026-02-27T05:44:36.842838+00:00,[],[],[]
SERBIA_SRPSKA_LIGA_BELGRADE,SERBIA,https://wvasmffspxkdbyxrrhzc.supabase.co/storage/v1/object/public/logos/flags/serbia.svg,,Srpska Liga,Unknown,https://www.flashscore.com/football/serbia/srpska-liga-belgrade/,27.02.2026,2026-02-27T05:44:36.842838+00:00,[],[],[]
SIERRA_LEONE_PREMIER_LEAGUE,SIERRA LEONE,https://wvasmffspxkdbyxrrhzc.supabase.co/storage/v1/object/public/logos/flags/sierra_leone.svg,,Premier League,Unknown,https://www.flashscore.com/football/sierra-leone/premier-league/,27.02.2026,2026-02-27T05:44:36.842838+00:00,[],[],[]
SINGAPORE_PREMIER_LEAGUE,SINGAPORE,https://wvasmffspxkdbyxrrhzc.supabase.co/storage/v1/object/public/logos/flags/singapore.svg,,Premier League,Unknown,https://www.flashscore.com/football/singapore/premier-league/,27.02.2026,2026-02-27T05:44:36.842838+00:00,[],[],[]
SLOVAKIA_3_LIGA_WEST,SLOVAKIA,https://wvasmffspxkdbyxrrhzc.supabase.co/storage/v1/object/public/logos/flags/slovakia.svg,,3. Liga,Unknown,https://www.flashscore.com/football/slovakia/3-liga-west/,27.02.2026,2026-02-27T05:44:36.842838+00:00,[],[],[]
SLOVENIA_2_SNL,SLOVENIA,https://wvasmffspxkdbyxrrhzc.supabase.co/storage/v1/object/public/logos/flags/slovenia.svg,,2. SNL,Unknown,https://www.flashscore.com/football/slovenia/2-snl/,27.02.2026,2026-02-27T05:44:36.842838+00:00,[],[],[]
SOUTH_AFRICA_BETWAY_PREMIERSHIP,SOUTH AFRICA,https://wvasmffspxkdbyxrrhzc.supabase.co/storage/v1/object/public/logos/flags/south_africa.svg,,Betway Premiership,Unknown,https://www.flashscore.com/football/south-africa/betway-premiership/,27.02.2026,2026-02-27T05:44:36.842838+00:00,[],[],[]
SOUTH_AFRICA_MOTSEPE_FOUNDATION_CHAMPIONSHIP,SOUTH AFRICA,https://wvasmffspxkdbyxrrhzc.supabase.co/storage/v1/object/public/logos/flags/south_africa.svg,,Motsepe Foundation Championship,Unknown,https://www.flashscore.com/football/south-africa/motsepe-foundation-championship/,27.02.2026,2026-02-27T05:44:36.842838+00:00,[],[],[]
SPAIN_LALIGA2,SPAIN,https://wvasmffspxkdbyxrrhzc.supabase.co/storage/v1/object/public/logos/flags/spain.svg,,LaLiga2,Unknown,https://www.flashscore.com/football/spain/laliga2/,27.02.2026,2026-02-27T05:44:36.842838+00:00,[],[],[]
SPAIN_PRIMERA_RFEF_GROUP_1,SPAIN,https://wvasmffspxkdbyxrrhzc.supabase.co/storage/v1/object/public/logos/flags/spain.svg,,Primera RFEF,Unknown,https://www.flashscore.com/football/spain/primera-rfef-group-1/,27.02.2026,2026-02-27T05:44:36.842838+00:00,[],[],[]
club-friendly,,,,Club Friendly,,,,2026-02-26T16:14:37.541028+00:00,"['Friendly Match', 'Exhibition Match', 'Pre-season Friendly', 'Warm-up Match']","['Friendly', 'CF']","['club friendly', 'preseason friendly', 'friendly', 'cf', 'exhibition match', 'friendly match', 'warmup match', 'world  club friendly']"
dANe0oWp,,,,Campeonato Cearense Betnacional - 3rd Place Play-off,,,,2026-02-26T15:00:42.79131+00:00,"['Campeonato Cearense - 3rd Place Play-off', 'Cearense 3rd Place Match', 'Disputa de 3º Lugar do Campeonato Cearense', 'Campeonato Cearense de Futebol - Disputa de 3º Lugar', 'Campeonato Cearense']","['CEC 3rd Place', 'CEC']","['cec', 'campeonato cearense', 'cearense 3rd place match', 'campeonato cearense de futebol  disputa de 3o lugar', 'campeonato cearense  3rd place playoff', 'brazil  cearense  play offs  3rd place', 'campeonato cearense betnacional  3rd place playoff', 'cec 3rd place', 'disputa de 3o lugar do campeonato cearense']"
dddj6V0d,,,,Torneo Clausura de la Liga Guate Banrural,,,,2026-02-26T15:27:22.088317+00:00,"['Liga Nacional de Fútbol de Guatemala - Torneo Clausura', 'Liga Nacional - Clausura', 'Liga Guate - Clausura', 'Torneo Clausura', 'Liga Mayor - Clausura', 'Liga Pepsi - Clausura', 'Liga Tigo - Clausura']","['LNFG Clausura', 'Liga GT Clausura']","['guatemala  liga nacional  clausura', 'liga mayor  clausura', 'torneo clausura de la liga guate banrural', 'liga guate  clausura', 'liga tigo  clausura', 'liga nacional  clausura', 'torneo clausura', 'liga pepsi  clausura', 'lnfg clausura', 'liga gt clausura', 'liga nacional de futbol de guatemala  torneo clausura']"
fezaExal,,,,Qatar Stars League,,,,2026-02-26T15:53:50.701898+00:00,"['Qatari League', 'Q-League', 'دوري نجوم قطر']",['QSL'],"['qatar  qsl', 'qatar stars league', '  ', 'qatari league', 'qleague', 'qsl']"
friendly-international,,,,International Friendlies,,,,2026-02-26T16:12:42.777302+00:00,"['Friendlies', 'Exhibition matches', 'Warm-up matches', 'Friendly Internationals']","['FRIENDLY', 'INT FRL']","['friendlies', 'world  friendly international', 'friendly', 'int frl', 'friendly internationals', 'international friendlies', 'warmup matches', 'exhibition matches']"
friendly-international-women,,,,International Friendly Matches (Women),,,,2026-02-26T16:18:45.734082+00:00,"[""Women's International Friendlies"", ""Women's Friendlies"", 'Friendly Matches (Women)', ""Women's Football Friendlies""]","['WIF', 'FRIENDLY W']","['womens football friendlies', 'womens international friendlies', 'world  friendly international women', 'womens friendlies', 'wif', 'friendly w', 'international friendly matches women', 'friendly matches women']"
hdLUdQGi,,,,Campeonato Brasileiro Série A Betano,,,,2026-02-26T14:54:56.407379+00:00,"['Brasileirão Betano', 'Campeonato Brasileiro Série A', 'Brasileirão', 'Série A', 'Campeonato Brasileiro de Futebol', 'Brasileirão Assaí', 'Brasileirão Petrobras', 'Brasileirão Chevrolet', 'Brasileirão Caixa', 'Copa João Havelange']","['BRA1', 'BRSA', 'CBF Série A']","['serie a', 'brasileirao', 'brsa', 'brasileirao betano', 'campeonato brasileiro de futebol', 'brazil  serie a betano', 'bra1', 'brasileirao petrobras', 'copa joao havelange', 'cbf serie a', 'campeonato brasileiro serie a betano', 'brasileirao chevrolet', 'campeonato brasileiro serie a', 'brasileirao assai', 'brasileirao caixa']"
jyDQ6SF7,,,,Campeonato Carioca Betnacional - Quadrangular do Rebaixamento,,,,2026-02-26T14:56:10.907039+00:00,"['Campeonato Carioca Relegation Group', 'Carioca Relegation Play-off', 'Grupo da Morte', 'Torneio da Morte', 'Campeonato Carioca - Rebaixamento']","['Carioca Relegation', 'CC-QR']","['campeonato carioca relegation group', 'carioca relegation playoff', 'campeonato carioca betnacional  quadrangular do rebaixamento', 'carioca relegation', 'grupo da morte', 'campeonato carioca  rebaixamento', 'brazil  carioca  relegation group', 'ccqr', 'torneio da morte']"
lz1gSCNF,,,,Ligue 1 Guinéenne,,,,2026-02-26T15:28:28.437334+00:00,"['Guinée Championnat National', 'Championnat National de Guinée', 'Ligue 1 Nimba', 'Ligue 1']",['L1G'],"['championnat national de guinee', 'guinee championnat national', 'guinea  ligue 1', 'ligue 1 nimba', 'ligue 1 guineenne', 'l1g', 'ligue 1']"
nyGlYqaL,,,,Liga de Ascenso,,,,2026-02-26T15:16:36.807558+00:00,"['Segunda División de Costa Rica', 'Liga de Ascenso LINAFA', 'Ascenso CR']",['LDA'],"['segunda division de costa rica', 'liga de ascenso linafa', 'costa rica  liga de ascenso  clausura', 'lda', 'ascenso cr', 'liga de ascenso']"
p4R8P5gJ,,,,Campeonato Paulista Série A3,,,,2026-02-26T15:01:38.05793+00:00,"['Paulista A3', 'Campeonato Paulista A3']",['CPA3'],"['paulista a3', 'campeonato paulista a3', 'campeonato paulista serie a3', 'brazil  paulista a3', 'cpa3']"
pU6ELQTg,,,,Championnat National de Première Division,,,,2026-02-26T15:12:22.530552+00:00,"['Chad Premier League', 'Championnat de Première Division', 'Première Division', 'Division 1', ""Ligue de N'Djaména""]","['CNPD', 'CPL', 'LPFN']","['premiere division', 'chad premier league', 'cpl', 'championnat national de premiere division', 'chad  premiere division  lpfn', 'division 1', 'championnat de premiere division', 'cnpd', 'ligue de ndjamena', 'lpfn']"
ryJgQcTF,,,,ADNOC U21 League,,,,2026-02-26T16:10:58.374446+00:00,"['UAE Pro League U23', 'Arabian Gulf League U23', 'UAE U21 League', 'Emirati U21 League']","['U21L', 'ADNOC U21']","['adnoc u21 league', 'arabian gulf league u23', 'u21l', 'uae u21 league', 'uae pro league u23', 'united arab emirates  pro league u23', 'emirati u21 league', 'adnoc u21']"
SPAIN_TERCERA_RFEF_GROUP_15,SPAIN,https://wvasmffspxkdbyxrrhzc.supabase.co/storage/v1/object/public/logos/flags/spain.svg,,Tercera RFEF,Unknown,https://www.flashscore.com/football/spain/tercera-rfef-group-15/,27.02.2026,2026-02-27T05:44:36.842838+00:00,[],[],[]
SWEDEN_SVENSKA_CUPEN,SWEDEN,https://wvasmffspxkdbyxrrhzc.supabase.co/storage/v1/object/public/logos/flags/sweden.svg,,Svenska Cupen,Unknown,https://www.flashscore.com/football/sweden/svenska-cupen/,27.02.2026,2026-02-27T05:44:36.842838+00:00,[],[],[]
SWITZERLAND_1_LIGA_CLASSIC_GROUP_1,SWITZERLAND,https://wvasmffspxkdbyxrrhzc.supabase.co/storage/v1/object/public/logos/flags/switzerland.svg,,1.Liga Classic Group 1,Unknown,https://www.flashscore.com/football/switzerland/1-liga-classic-group-1/,27.02.2026,2026-02-27T05:44:36.842838+00:00,[],[],[]
SWITZERLAND_CHALLENGE_LEAGUE,SWITZERLAND,https://wvasmffspxkdbyxrrhzc.supabase.co/storage/v1/object/public/logos/flags/switzerland.svg,,Challenge League,Unknown,https://www.flashscore.com/football/switzerland/challenge-league/,27.02.2026,2026-02-27T05:44:36.842838+00:00,[],[],[]
SYRIA_PREMIER_LEAGUE,SYRIA,https://wvasmffspxkdbyxrrhzc.supabase.co/storage/v1/object/public/logos/flags/syria.svg,,Premier League,Unknown,https://www.flashscore.com/football/syria/premier-league/,27.02.2026,2026-02-27T05:44:36.842838+00:00,[],[],[]
THAILAND_THAI_LEAGUE_2,THAILAND,https://wvasmffspxkdbyxrrhzc.supabase.co/storage/v1/object/public/logos/flags/thailand.svg,,Thai League 2,Unknown,https://www.flashscore.com/football/thailand/thai-league-2/,27.02.2026,2026-02-27T05:44:36.842838+00:00,[],[],[]
tO8LPcY0,,,,Copa do Brasil Sub-17,,,,2026-02-26T15:04:12.610129+00:00,"['Copa do Brasil U17', 'Copa do Brasil de Futebol Sub-17']","['CdB Sub-17', 'CdB U17']","['copa do brasil de futebol sub17', 'brazil  copa do brasil u17  116finals', 'copa do brasil sub17', 'copa do brasil u17', 'cdb sub17', 'cdb u17']"
TRINIDAD_AND_TOBAGO_TT_PREMIER_LEAGUE,TRINIDAD AND TOBAGO,https://wvasmffspxkdbyxrrhzc.supabase.co/storage/v1/object/public/logos/flags/trinidad_and_tobago.svg,,TT Premier League,Unknown,https://www.flashscore.com/football/trinidad-and-tobago/tt-premier-league/,27.02.2026,2026-02-27T05:44:36.842838+00:00,[],[],[]
TUNISIA_LIGUE_2,TUNISIA,https://wvasmffspxkdbyxrrhzc.supabase.co/storage/v1/object/public/logos/flags/tunisia.svg,,Ligue 2,Unknown,https://www.flashscore.com/football/tunisia/ligue-2/,27.02.2026,2026-02-27T05:44:36.842838+00:00,[],[],[]
TUNISIA_LIGUE_PROFESSIONNELLE_1,TUNISIA,https://wvasmffspxkdbyxrrhzc.supabase.co/storage/v1/object/public/logos/flags/tunisia.svg,,Ligue Professionnelle 1,Unknown,https://www.flashscore.com/football/tunisia/ligue-professionnelle-1/,27.02.2026,2026-02-27T05:44:36.842838+00:00,[],[],[]
TURKEY_1_LIG,TURKEY,Unknown,,1. Lig,Unknown,https://www.flashscore.com/football/turkey/1-lig/,27.02.2026,2026-02-27T05:44:36.842838+00:00,[],[],[]
TURKEY_SUPER_LIG,TURKEY,Unknown,,Super Lig,Unknown,https://www.flashscore.com/football/turkey/super-lig/,27.02.2026,2026-02-27T05:44:36.842838+00:00,[],[],[]
UKRAINE_CHAMPIONSHIP_WOMEN,UKRAINE,https://wvasmffspxkdbyxrrhzc.supabase.co/storage/v1/object/public/logos/flags/ukraine.svg,,Championship Women,Unknown,https://www.flashscore.com/football/ukraine/championship-women/,27.02.2026,2026-02-27T05:44:36.842838+00:00,[],[],[]
UKRAINE_PREMIER_LEAGUE,UKRAINE,https://wvasmffspxkdbyxrrhzc.supabase.co/storage/v1/object/public/logos/flags/ukraine.svg,,Premier League,Unknown,https://www.flashscore.com/football/ukraine/premier-league/,27.02.2026,2026-02-27T05:44:36.842838+00:00,[],[],[]
UKRAINE_U19_LEAGUE,UKRAINE,https://wvasmffspxkdbyxrrhzc.supabase.co/storage/v1/object/public/logos/flags/ukraine.svg,,U19 League,Unknown,https://www.flashscore.com/football/ukraine/u19-league/,27.02.2026,2026-02-27T05:44:36.842838+00:00,[],[],[]
URUGUAY_LIGA_AUF_URUGUAYA,URUGUAY,https://wvasmffspxkdbyxrrhzc.supabase.co/storage/v1/object/public/logos/flags/uruguay.svg,,Liga AUF Uruguaya,Unknown,https://www.flashscore.com/football/uruguay/liga-auf-uruguaya/,26.02.2026,2026-02-26T21:07:36.768429+00:00,[],[],[]
UyBrKd6E,,,,Linafoot Ligue 1,,,,2026-02-26T15:17:34.812036+00:00,"['Ligue Nationale de Football', 'Linafoot', 'Linafoot Vodacom', 'Championnat National', 'Division I']",['Linafoot'],"['dr congo  ligue 1', 'linafoot ligue 1', 'championnat national', 'division i', 'linafoot', 'linafoot vodacom', 'ligue nationale de football']"
UZBEKISTAN_SUPER_LEAGUE,UZBEKISTAN,https://wvasmffspxkdbyxrrhzc.supabase.co/storage/v1/object/public/logos/flags/uzbekistan.svg,,Super League,Unknown,https://www.flashscore.com/football/uzbekistan/super-league/,27.02.2026,2026-02-27T05:44:36.842838+00:00,[],[],[]
v3nNwn9m,,,,Quadrangular do Rebaixamento do Campeonato Catarinense Fort Atacadista,,,,2026-02-26T14:57:55.828489+00:00,"['Grupo do Rebaixamento do Campeonato Catarinense', 'Relegation Group of Campeonato Catarinense', 'Campeonato Catarinense Relegation Round', 'Catarinense Relegation Group', 'Campeonato Catarinense SICOOB Relegation Group', 'Campeonato Catarinense Série A Relegation Group']","['CC RG', 'CAT RG', 'QR']","['catarinense relegation group', 'brazil  catarinense  relegation group', 'campeonato catarinense serie a relegation group', 'cat rg', 'relegation group of campeonato catarinense', 'campeonato catarinense relegation round', 'cc rg', 'qr', 'campeonato catarinense sicoob relegation group', 'quadrangular do rebaixamento do campeonato catarinense fort atacadista', 'grupo do rebaixamento do campeonato catarinense']"
vBI4pVY4,,,,UEFA Europa Conference League Knockout Play-offs,,,,2026-02-26T14:39:44.050582+00:00,"['UEFA Conference League Knockout Play-offs', 'Conference League Knockout Play-offs', 'UEFA Europa Conference League Round of 32', 'Conference League Round of 32', 'UECL Play-offs', 'UECL Round of 32']","['UECL PO', 'UECL R32']","['uefa europa conference league round of 32', 'uecl playoffs', 'conference league knockout playoffs', ' europe  conference league  play offs  116finals', 'uecl r32', 'uefa europa conference league knockout playoffs', 'uecl round of 32', 'uecl po', 'conference league round of 32', 'uefa conference league knockout playoffs']"
VENEZUELA_LIGA_FUTVE,VENEZUELA,https://wvasmffspxkdbyxrrhzc.supabase.co/storage/v1/object/public/logos/flags/venezuela.svg,,Liga FUTVE,Unknown,https://www.flashscore.com/football/venezuela/liga-futve/,27.02.2026,2026-02-27T05:44:36.842838+00:00,[],[],[]
VIETNAM_V_LEAGUE_2,VIETNAM,https://wvasmffspxkdbyxrrhzc.supabase.co/storage/v1/object/public/logos/flags/vietnam.svg,,V.League 2,Unknown,https://www.flashscore.com/football/vietnam/v-league-2/,27.02.2026,2026-02-27T05:44:36.842838+00:00,[],[],[]
WALES_CYMRU_NORTH,WALES,https://wvasmffspxkdbyxrrhzc.supabase.co/storage/v1/object/public/logos/flags/wales.svg,,Cymru North,Unknown,https://www.flashscore.com/football/wales/cymru-north/,27.02.2026,2026-02-27T05:44:36.842838+00:00,[],[],[]
WALES_CYMRU_PREMIER,WALES,https://wvasmffspxkdbyxrrhzc.supabase.co/storage/v1/object/public/logos/flags/wales.svg,,Cymru Premier,Unknown,https://www.flashscore.com/football/wales/cymru-premier/,27.02.2026,2026-02-27T05:44:36.842838+00:00,[],[],[]
WALES_CYMRU_SOUTH,WALES,https://wvasmffspxkdbyxrrhzc.supabase.co/storage/v1/object/public/logos/flags/wales.svg,,Cymru South,Unknown,https://www.flashscore.com/football/wales/cymru-south/,27.02.2026,2026-02-27T05:44:36.842838+00:00,[],[],[]
WbtmLQRs,,,,Copa El Salvador,,,,2026-02-26T15:23:51.946869+00:00,"['Copa Presidente', 'Copa Pilsener El Salvador', 'Copa El Salvador Pilsener']",[],"['copa el salvador', 'el salvador  copa presidente', 'copa presidente', 'copa pilsener el salvador', 'copa el salvador pilsener']"
WGiYELaC,,,,Liga Alef North,,,,2026-02-26T15:34:50.746954+00:00,"['Liga Alef', 'League Alef North', 'Israeli Liga Alef North']","['LAF North', 'Liga Alef N']","['league alef north', 'liga alef', 'liga alef n', 'laf north', 'israel  liga alef north', 'liga alef north', 'israeli liga alef north']"
WlwKJNvK,,,,Mauritius Premier League,,,,2026-02-26T15:46:15.285112+00:00,"['Mauritius National Super League', 'Mauritian League', 'Mauritius Super League', 'Premier League']",['MPL'],"['mauritius national super league', 'premier league', 'mauritius super league', 'mauritius  super league', 'mauritius premier league', 'mpl', 'mauritian league']"
WORLD_CLUB_FRIENDLY_WOMEN,WORLD,https://wvasmffspxkdbyxrrhzc.supabase.co/storage/v1/object/public/logos/flags/world.svg,,Club Friendly Women,Unknown,https://www.flashscore.com/football/world/club-friendly-women/,27.02.2026,2026-02-27T05:44:36.842838+00:00,[],[],[]
WORLD_WORLD_CUP_WOMEN,OCEANIA,Unknown,,World Cup Women,Unknown,https://www.flashscore.com/football/world/world-cup-women/,27.02.2026,2026-02-27T05:44:36.842838+00:00,[],[],[]
WY2jsTfA,,,,Jordan Pro League,,,,2026-02-26T15:39:23.21822+00:00,"['Jordanian Pro League', 'Jordan Premier League', 'Jordan League', 'Manaseer Jordan Pro League', 'Al-Manaseer Jordanian Pro League']",['JPL'],"['jordanian pro league', 'jpl', 'jordan pro league', 'jordan premier league', 'jordan  premier league', 'almanaseer jordanian pro league', 'jordan league', 'manaseer jordan pro league']"
WYvtrADO,,,,Torneo Clausura de la Liga Primera de Nicaragua,,,,2026-02-26T15:47:23.153764+00:00,"['Liga Primera de Nicaragua - Clausura', 'Liga Primera Clausura', 'Clausura', 'Torneo Clausura', 'Primera División de Nicaragua', 'Campeonato Nacional de Fútbol de Nicaragua', 'Liga Primera']","['LPN', 'Clausura']","['liga primera de nicaragua  clausura', 'primera division de nicaragua', 'liga primera clausura', 'liga primera', 'torneo clausura', 'nicaragua  liga primera  clausura', 'lpn', 'clausura', 'torneo clausura de la liga primera de nicaragua', 'campeonato nacional de futbol de nicaragua']"
x6GTPrlB,,,,Egyptian Second Division A,,,,2026-02-26T15:18:28.986424+00:00,"['Egyptian League 2 A', 'Liga 2 A', 'Egyptian Second Division League']","['EGY D2A', 'EGY L2A']","['egyptian second division league', 'egypt  division 2 a', 'egy l2a', 'liga 2 a', 'egy d2a', 'egyptian second division a', 'egyptian league 2 a']"
zcdkZv25,,,,Libyan Premier League,,,,2026-02-26T15:41:38.499472+00:00,"['Libyan Football League', 'Libyan Top League', 'Libyan League']",['LPL'],"['libyan premier league', 'libyan league', 'libyan top league', 'libyan football league', 'lpl', 'libya  premier league']"
OEEq9Yvp,,,,Premier League,https://test-supabase-url.com/pl_logo.png,,,2026-02-26T21:13:00.830744+00:00,"['FA Premier League', 'Barclays Premier League', 'English Premier League']","['PL', 'EPL']","['epl', 'england  premier league', 'premier league', 'fa premier league', 'english premier league', 'pl', 'barclays premier league']"
WE0YPWBd,,,,Admiral Regionalliga Ost,,,,2026-02-27T04:59:26.797265+00:00,"['Regionalliga Ost', 'Austrian Regional League East']",['RLO'],"['admiral regionalliga ost', 'austria  regionalliga east', 'rlo', 'regionalliga ost', 'austrian regional league east']"
8UYeqfiD,,,,Bundesliga,,,,2026-02-26T21:16:08.39343+00:00,"['German Bundesliga', '1. Bundesliga']","['Buli', 'GER1']","['buli', 'germany  bundesliga', '1 bundesliga', 'german bundesliga', 'bundesliga', 'ger1']"
6PWwAsA7,,,,Serie A TIM,,,,2026-02-26T21:17:38.231535+00:00,"['Serie A', 'Campionato Italiano di Football', 'Divisione Nazionale', 'Lega Calcio Serie A']",['SA'],"['campionato italiano di football', 'serie a tim', 'sa', 'lega calcio serie a', 'italy  serie a', 'serie a', 'divisione nazionale']"
E3s7rWzR,,,,Ligue 2,,,,2026-02-26T21:43:47.268847+00:00,"['Championnat National de Football Amateur', 'Division 2', 'Ligue 2 Professionnelle', 'Algerian Ligue 2']","['L2', 'CNFA']","['division 2', 'algerian ligue 2', 'ligue 2 professionnelle', 'l2', 'cnfa', 'championnat national de football amateur', 'algeria  ligue 2', 'ligue 2']"
b5AynEYF,,,,Regionalliga Mitte,,,,2026-02-27T05:03:20.336315+00:00,"['Regionalliga Central', 'RL Mitte']",['RLM'],"['rl mitte', 'austria  regionalliga central', 'rlm', 'regionalliga central', 'regionalliga mitte']"
dWKtjvdd,,,,Eredivisie,,,,2026-02-26T21:18:56.895687+00:00,"['Holland Casino Eredivisie', 'KPN Eredivisie', 'Dutch Eredivisie']",['Ered.'],"['netherlands  eredivisie', 'holland casino eredivisie', 'eredivisie', 'ered', 'dutch eredivisie', 'kpn eredivisie']"
f7hXxuDk,,,,CONMEBOL Recopa Sudamericana,,,,2026-02-26T21:24:15.282232+00:00,"['Recopa Sudamericana', 'Recopa', 'Recopa Santander Sudamericana', 'Recopa Bridgestone Sudamericana']",['Recopa'],"['recopa bridgestone sudamericana', 'conmebol recopa sudamericana', 'south america  recopa sudamericana', 'recopa sudamericana', 'recopa', 'recopa santander sudamericana']"
j9QeTLPP,,,,Ligue 1 Uber Eats,,,,2026-02-26T21:14:39.41359+00:00,"['Ligue 1', 'Ligue 1 Conforama', 'Ligue 1 Orange', 'Division 1', 'Championnat de France de football']",['L1'],"['division 1', 'ligue 1', 'france  ligue 1', 'championnat de france de football', 'l1', 'ligue 1 uber eats', 'ligue 1 conforama', 'ligue 1 orange']"
Wh9uJjld,,,,OFC Professional League (Proposed Concept),,,,2026-02-27T04:51:11.590759+00:00,"['OFC Pro League (Concept)', 'Proposed OFC Professional League']",[],"['ofc professional league proposed concept', 'proposed ofc professional league', 'ofc pro league concept', 'australia  oceania  ofc pro league']"
YVUSmqbn,,,,Admiral 2. Liga,,,,2026-02-27T04:52:52.733324+00:00,"['Erste Liga', 'Sky Go Erste Liga', 'Erste Division', 'Nationalliga', '2. Liga', 'Zweite Liga']","['2. Liga', 'ADM 2. Liga']","['2 liga', 'nationalliga', 'adm 2 liga', 'admiral 2 liga', 'erste liga', 'sky go erste liga', 'erste division', 'zweite liga', 'austria  2 liga']"
